Vito Barra,Jessica Ferrari,Francesco Romeo
LMS team
ML-CUP24 V1
29/01/2025
1,-0.9130347868193959,-2.3798860535911874,21.448093860922146
2,-0.06634972122905781,1.3906904726267713,25.030963013388895
3,1.551162676420683,-0.26422642831289334,-19.073647321470077
4,0.062155685079941146,-0.14901837777171814,-3.851171228152882
5,-0.04073557359949027,0.10905099002786925,3.191417261105585
6,0.7852098841820251,-2.373010982532903,26.401943883615935
7,0.21901771110433274,-0.3888843254524397,5.283595555833918
8,-0.4339992054174544,-0.40779352117793954,-6.169349259153492
9,-1.7845030298548406,-0.30897936566389544,15.858756704336542
10,-0.7561678292672369,0.32563321808306234,8.681722308644192
11,-0.6740096474432264,-2.0481488585054777,21.12520963549468
12,-1.7304030311698855,2.370849782685679,20.388116350403788
13,0.8063592829498267,-3.5565576078091543,26.673767011511487
14,-1.764272619258592,-1.1267265692078237,22.227200366749905
15,1.7854278395436882,-1.327048314299789,24.333945652658816
16,-0.5975832419048274,-1.9002636529918744,21.049582477215218
17,1.51402095110867,-0.3059732361642064,-19.59439101644338
18,-0.2827585438184445,-0.05985036689180347,0.03018373905497083
19,2.336836581800555,-0.13731490560969364,-24.93173352276341
20,1.7172159820863118,-4.383549483396989,26.746266386923082
21,-0.3604685086919084,-0.9007482986341641,10.761787772761455
22,-0.13446833637156375,0.2971841853786181,2.308222873013325
23,-0.5874936974286007,0.037811053873785375,-6.071511803129524
24,1.0429191826449966,-0.5479628710639867,12.172790598729998
25,-0.008017039540696764,-0.024984229082051362,-3.6538464896072718
26,1.5418340640265935,-0.27457362101350224,-19.19956309285424
27,1.6291995083409005,-0.010452660081783001,-17.234320520595674
28,1.5415426301258974,-0.27489777054893727,-19.203533678612455
29,-0.057319659979704875,-0.3707745977926859,4.542224061079569
30,0.6372335560466365,-0.04393004341540088,-14.529713983293307
31,0.5686662301113025,0.1660589852214372,6.938712268636351
32,-0.6477182903323078,-1.9987166821188977,21.099290277104114
33,-0.08407704583727159,0.06081419327021755,1.9071335297310645
34,0.7212144058314801,0.01098749035811246,-14.709131526662944
35,0.3457616069846498,1.47979690093769,14.278301245341401
36,-0.28108520397419856,-2.0285379397706325,24.31137284124974
37,-0.122010239340313,-0.08905887576794332,1.551839136763914
38,1.4183949692188549,-0.6063052744619143,-22.388665697087934
39,0.5848085390636655,-0.5553894506940934,-13.080425161169021
40,1.6187843744801893,-0.1884792949491198,-18.17010100904349
41,1.612361594919427,-1.5435824403066776,24.206795346168764
42,0.2568184398229672,0.7323079564525952,7.650694906017199
43,0.577468195888391,1.7798985388967705,20.191424167258475
44,-2.0981092791724314,0.07026894903706729,21.58068197453028
45,0.062814196979222,1.5113729400684628,14.365202119239065
46,0.955987147268575,-1.706038289112211,18.160309942965057
47,-0.6695252666462739,-1.9903096224583665,23.650285869724698
48,1.2175625351500252,1.3558933146099719,20.003463870945218
49,-0.3464944054093052,-2.0185576115209627,24.210374408640284
50,-0.14592230229218078,0.9163068730548426,8.185532713694487
51,0.5668157183250122,-0.5351998646810238,-13.18274625785657
52,1.5396463257499262,-0.2770085940393065,-19.229432456001973
53,-1.3168535460083328,-1.6658040007448036,22.60583600512805
54,0.17284734980623231,0.17345048506221222,-1.3138446123641103
55,0.22639363308330468,1.9004202753473047,20.285630246479293
56,1.6792116676191835,0.3586687711081528,19.57129208791365
57,0.8849411164078564,-0.900858516198837,11.965528353004006
58,-1.23199762795116,-1.743452558152393,22.66731324637984
59,-0.5628471154411443,-0.8076273808119387,10.578040983888737
60,-0.9917611778035657,0.10826930442007224,9.192630702374451
61,-0.8783922334764409,-0.4771731609228628,10.002948216746583
62,-1.871711511329099,2.4289749702478742,20.42296614994704
63,-0.2676201023329371,-0.08713342340335196,3.521127366002754
64,0.8133394062454727,0.034094604067695294,-14.879204107792372
65,-0.41319397744335673,-0.41321277796705136,-6.162729343036153
66,-1.3623930443515713,1.5966412378201107,20.807440890732973
67,2.0783418578754493,-4.188748913014859,27.611012231181494
68,-3.92533256238799,0.6641520508027429,21.960377973994074
69,-0.4161340679113497,0.43935195436491065,-6.850456983903484
70,1.7320999982032883,0.6247475039080278,24.787042915044214
71,-1.336332414759866,0.9840675988403574,14.96456447998756
72,-0.21968674871120852,-0.3718608720522209,4.139885806815229
73,-0.10977673605946603,-0.9866762038199238,10.906058740335746
74,-0.9223192106346065,-0.316176750776966,9.810599067346494
75,1.678082348722506,0.24254166169484284,19.51592119041307
76,1.8130489273424308,-1.2763488324646457,24.35290345335674
77,0.022463522052291126,0.17909078820672417,-2.0994049593779764
78,1.5714998159289963,0.04450087576433551,-16.781792866467033
79,1.5876939028164838,-4.269448896061695,26.764524194592013
80,-0.27289903175285096,-0.09804709303603613,3.52848197769166
81,0.2827365339962129,1.4408784388369185,24.98501569587632
82,0.7890922233209375,0.18236415431596345,-9.186685042485458
83,1.129955048175356,0.03921286964712842,-15.275117357161848
84,-0.31462967307334744,-1.1569430658634523,20.74046717680125
85,-0.4912862479835834,-2.0008090738902773,23.97446783329171
86,-1.5339323287884556,0.12033933422049906,22.817201067558752
87,0.7888708394490391,-2.3762888735674617,26.479901464592757
88,1.5322595128307053,-0.6143361715490906,-22.858456354930084
89,1.2465991979084807,0.27871072773069827,12.788318783849354
90,-1.7199280428614758,-0.046074197287485574,22.732458488529222
91,-0.06519122647085414,-0.9910043108043312,10.942796332745607
92,0.005401149470198819,-2.090493623530454,24.713915412690028
93,1.5592575362619545,-0.2552770016288394,-18.96583502505935
94,-2.6969253810834766,-0.36761313475676544,22.443575819033224
95,-0.5978553214852522,1.3166414300198968,20.25296760447015
96,0.8324147681080831,1.339745541095361,14.061583842841445
97,0.4563449894256072,-0.4210131652720705,6.248839783271088
98,-0.2868924507490032,-0.07334920236423396,0.1265482413733082
99,-0.6038128025701259,-2.112719027880969,23.063324668308777
100,2.2374534731527214,-0.28569115212172086,-24.376729215631762
101,-0.023775068941160174,0.1667143726266339,2.7958883901084026
102,-0.5958900500712254,1.3132400949179408,20.253095396392425
103,1.2477607076043884,0.3980299029961281,12.911993301102326
104,-0.3540647078879589,0.6401170345931517,8.469216401007785
105,-0.9075503232419599,-0.3797556364455394,9.886792163436255
106,0.20244289433183169,0.16416658597100303,-1.1965256155910635
107,-3.406996485451924,2.302924776628781,21.04162520638544
108,-3.2137038662449857,-0.2288350796905493,22.307604777912463
109,0.05548181038394696,-0.998912657705813,11.044297078086265
110,-2.193893426848595,-0.3067884297499856,22.55915896527946
111,0.2778130491697269,0.6922499632014023,7.619851743915255
112,0.36316958931733573,-0.405189075843621,5.786031515218961
113,-0.3827058954675698,0.4896102265520422,-7.0604825756931
114,0.5180215544014757,0.6818043784659034,-8.189506655791396
115,1.9460023144832042,-4.387638475051349,27.133668142622113
116,0.1318802625769984,-2.2275854191478803,23.45030430133123
117,0.8265742578381572,-1.0107246393591323,11.898306141153727
118,1.7677386464957001,-4.395210916991024,26.820779476111277
119,-0.025269661284949115,-0.9939471010646084,10.976234160517079
120,1.182495758740207,0.6720883067181387,13.3079049629892
121,-0.38421236622809407,0.4878989133455653,-7.052831615240889
122,-1.6049488517925437,0.6390147585381817,15.181268606628015
123,0.5929450386385878,-0.5634765146739859,-13.036427850838981
124,1.3891411316973716,-0.5400662373357931,-21.274359143354385
125,-1.2042235022872976,1.7033988423598343,20.737071361238478
126,-1.125252630774973,-1.1890093274713538,16.74079823345487
127,-0.4293901205138688,0.31300027424714055,-6.395712390424504
128,-0.14645693019712627,-0.36947135549737586,4.32388989979196
129,1.053924630577243,-1.6219718779097858,18.234050849918646
130,1.117271037794845,0.8934115133665048,13.520193260358177
131,0.5477306548457415,-0.16475155395813604,-14.29323599879039
132,0.7600365024846565,-0.27949204372216446,-10.144441522485918
133,2.3418018542418944,-0.08236049189833387,-25.14053276852719
134,0.17119265384800508,-0.3846037559308547,5.141639688877349
135,-0.9912025553740486,0.08868424789191995,9.229607748881874
136,0.6633853855688897,-0.44458534110712294,-11.207069133078368
137,0.7410391377586927,1.699440912401228,20.146526642152402
138,2.1532479862516376,-0.34214668964291584,-24.1186984706969
139,0.735106599012152,0.015570395799040355,-14.73821417976566
140,-3.507275011630475,2.22949253529447,21.107213926686317
141,-3.6696189487539774,0.15022425399559214,22.138613329116392
142,1.7256924470759083,-0.5889822947293304,-23.340518049463544
143,-0.9386387626338639,-0.19937798433239487,9.668856577937136
144,0.8138506317923501,-2.402530135754245,26.768070445610466
145,-0.33524941879159137,-0.45248176761377784,-6.076151166568454
146,2.013896699527505,-4.359337556583182,27.282695204430457
147,0.04458220757760464,-2.9414856108962026,26.421088377944464
148,0.9864768363514926,-1.6910375617941074,18.180035259744955
149,2.3418387792083966,-0.10260180976741666,-25.06185407570404
150,-0.05043868956242852,0.10838220501658213,3.2073823129357697
151,-0.3450466287827525,-1.2637888840953304,20.778824894819035
152,-0.8849242166798745,1.853961983900249,20.614799902951066
153,-0.02556751398473255,0.10901361586084841,3.1659683714132694
154,1.1653820304970428,-1.447985956078375,18.343083205118013
155,-0.3234810313230819,-0.4596680543816697,-6.0568414846410406
156,0.055800013860990004,1.5116620276612867,14.3674187918161
157,-3.2363764318865003,-0.21709115041384336,22.300767262663246
158,1.6068538194199409,-3.400089588258831,27.973297382321075
159,-0.0352789790836459,-0.1724150616957532,-3.770372922062179
160,-1.1157191139198055,1.7530555114806106,20.700909254001516
161,-0.06145833417782899,0.19026610766960225,2.1147847285002417
162,-2.7568726988015553,-0.36269944508951135,22.429164080867864
163,1.6404477231302372,-0.037073737387897855,-17.33096784540165
164,-0.0251323531469792,-0.5464889423085945,-5.554232950824545
165,-0.30623978378840633,-2.6334247988961033,26.287835415602967
166,1.6355018834330213,-0.024625431469108325,-17.288060270429273
167,0.8944586540333332,-0.8817781343341927,11.976362239638052
168,-1.3770720459165795,-1.2174402505706088,25.699007255449988
169,1.4809062990023247,-1.657939204609604,24.11865463033399
170,0.5724729643292397,-0.5419312643704816,-13.149719344215356
171,0.5502622340326018,-0.2720294233276242,6.746624325473346
172,-0.10614368943889035,-0.039938384054132255,1.6984682948164747
173,-0.6839611902690268,0.383775024497072,8.645823711058533
174,-1.5791010959040341,0.68096194481923,15.155935606568232
175,0.6599553603570444,-0.6134142637423168,-12.706628832632514
176,-0.308104647735019,-1.1323386005109735,20.73188155431817
177,1.517788710948342,-0.7109619393741036,18.81668781832627
178,0.6966112887720644,-0.37793906191512466,-10.849290527658624
179,0.7447854222748078,1.3683545739372007,14.160837087866282
180,-1.395301027182192,2.183082525490118,20.318478547383336
181,-0.5758860436399394,1.1488366903516822,25.1183720003637
182,-1.4349910641954549,1.5386812723972147,20.842789668564965
183,-0.1026224095034059,0.937356369005774,8.134578156114722
184,0.22562396314720368,-0.3722748886449782,-4.711155962267089
185,0.3259619703033054,1.4832694997815472,14.284247430575345
186,-0.10583446433969697,-0.5345146710503729,-5.6965490307692885
187,-0.04443030058378593,0.08193631252157325,-0.35923241264358197
188,-0.19259257465207827,-0.3323571739821395,20.497093079807634
189,-1.0416378121135657,-2.1316006837739376,22.39716319084345
190,-1.3650813104448951,-0.19364024025024085,25.448061758797337
191,-0.8379391964011542,1.6672939518727738,20.25202215175153
192,0.7932771406917511,0.14718308902262559,-9.22833643551873
193,0.25702777803786186,-1.0070862524193145,11.22118946074568
194,0.7663936962935943,-1.7900810772595723,18.04103703450762
195,-0.20140323292645693,0.018216022742886615,20.41838392367977
196,1.0548542091970285,1.4941831682593922,20.05533782850833
197,-0.26606228938644566,-0.08400018165591538,3.518966573520883
198,1.5742692908507316,-1.5789727424797053,24.18012362295156
199,0.7586733203327172,-3.5198467026419173,26.65919840529703
200,-1.677462305632641,-0.5036222392937049,16.06938817973918
201,1.628893802075835,-0.009811900012231665,-17.231739452783803
202,-0.5734035479486111,1.2735330082790077,20.25473563086243
203,1.396120572726572,-0.5195583076925033,-21.10665940811156
204,0.7460795251456555,-1.0147295374591034,11.74984898877785
205,0.7590211729626812,0.022432465905337675,-14.784969930125891
206,-0.061794119727423324,0.10689792876146209,3.225765995576022
207,-0.07785723563334575,-2.836071374524861,26.376003687458912
208,-0.2975597231217857,-0.4739975434172261,-6.015081132192768
209,-1.034213401039367,-2.1078048726003855,22.503781709940025
210,-1.4681161239515452,-1.521495889712904,22.491874701488772
211,-0.006547259375181925,0.10714448402117173,3.133169456465712
212,-0.09812328392841126,-0.5358500891370472,-5.6828393322268465
213,0.11356260099888638,-0.5576030329037481,-5.313971881987114
214,1.1636794644432467,1.1954273087043101,24.882518407566916
215,1.3828087376443743,-0.5693310502732174,-21.552881053110394
216,-1.398202883243133,1.568829116369313,20.82460277489198
217,0.052811483945350624,-1.7560400100242752,17.57740647188985
218,1.9468242113484413,-0.9483035556783675,24.4605609723727
219,-3.5800013592802356,0.04534782089000035,22.179190794751975
220,-0.15710599408433557,0.06173157428095876,3.369080938062445
221,0.22506210677737432,-0.3761870342266542,-4.719788317425185
222,-0.6360965043237276,-1.9910350808569373,23.71491159270088
223,-0.982647863372974,-1.9704000810060203,25.983222101426865
224,0.09325800621377284,0.9142756911239702,7.878702720591421
225,1.5533969329546082,0.038480149297011455,-16.651331907995186
226,0.8320886588882818,1.339887618331298,14.062085805986142
227,0.7119988936188811,0.5583161811127805,-8.569889055596429
228,0.9143305577644136,-0.8411854388360017,11.999521452849063
229,-0.07641699058125496,0.10405098465914038,1.9794556833118422
230,0.08347522419671641,0.12362684794098353,-0.6948479803535169
231,0.14530307598578723,-2.2251876913021325,23.45620172304807
232,0.16590090144287403,-1.0040075486709659,11.13954773064951
233,-1.1913315790667423,0.37440816840178526,25.313453735252097
234,-0.05390736106704094,0.7952260924113349,-7.854456999700981
235,-0.6241014546883199,1.9254492725787355,20.52802401178271
236,1.3902899760697753,-0.5363471588099639,-21.242693751930382
237,-1.361557576278809,-1.3172752494695665,25.724442140679937
238,-0.6788466081442908,1.9138450286449513,20.545500721910386
239,-2.9677492574405626,2.4988154340807878,20.807283286632387
240,1.545227048863175,0.03268847707832538,-16.59386772115911
241,-0.2199496045672826,-0.6810377241196319,20.58944739729079
242,-0.11855951116162618,-0.9837457613464711,10.90103439238529
243,-0.5120901881598582,-1.560788075636967,17.212193799898536
244,0.037710696850469634,0.1174719806780694,-0.5677906826686981
245,1.626482311874351,-0.17943859234005993,-18.060549665468045
246,1.5395731113338107,-3.307515351833108,27.985580952159683
247,0.6300621910573427,-0.594231678148703,-12.848108653830751
248,-0.09635888220418848,0.24016352173907005,2.450386304654891
249,0.2663432859253169,-1.8286000459596123,17.720788810441825
250,-1.7256289597000414,-0.05056885670530144,22.729936121518396
251,0.24678647858361255,-1.0067825135339625,11.211845232081831
252,-2.401234967756574,-0.3537152443454911,22.512139898763856
253,-0.5863097532734635,0.04276675690029718,-6.074691294918276
254,-0.30132610893428513,-0.3838034219452244,3.9046251344727745
255,-2.0688749728813507,0.4067858966682154,21.41705623439582
256,1.5090619242145051,-0.3117238342316148,-19.669606610635203
257,1.9769069819896699,-0.8355972741221557,24.49269438492591
258,0.23045538244021924,-0.38997901624678877,5.318890953242002
259,-0.3105715552815864,-2.629498673912644,26.2861071321467
260,-0.0471981940195033,0.1086664357667949,3.20207725075028
261,-0.039475384278321306,0.08491235801939616,-0.37043741400930363
262,-2.841728129323375,-0.3510923617379001,22.408321134601085
263,-0.9009622371861796,-1.9717670294789056,22.885442960824644
264,0.03400476191417392,-0.37487537969099965,4.770845849539835
265,1.5252660979310535,-0.06634378965655673,-15.93281160275241
266,1.0777890054332577,-1.9150720269873076,23.891115896089804
267,1.4147837817137232,-0.9694047089220386,18.64396449839828
268,1.5937282225915506,-0.21703479722087363,-18.510970089855117
269,0.712401271228283,0.007822968860424911,-14.689829987567085
270,-3.2476530615845647,-0.211038262926091,22.2973266508134
271,-0.902399470277818,-0.39893772744138956,9.909703750730515
272,2.015713455005485,-0.4483982242834631,-23.879322041549305
273,1.3975382776773513,-0.5158289993964865,-21.07774961771884
274,0.5591637477127892,-0.5254361415234193,-13.228931089712033
275,-0.9298237394127367,-2.3647487805662237,21.514602647417494
276,-0.08935444713940605,0.9413265188562784,8.119284861582013
277,0.9621852425379553,1.2357256658616167,13.849336339914215
278,-0.9352073116610188,-0.2361309998480406,9.71379790940055
279,1.5364383119166858,-0.2805866390666991,-19.27351098283908
280,-0.7361305855209863,-2.159818247302855,21.18631413385014
281,-0.023027389802810747,-0.05756176944710851,-3.6723218278973206
282,0.2496467531084956,-0.24242472762885323,-4.1229923204881915
283,-1.850596633460247,-0.07400914490647895,15.599368082236555
284,-0.4550013465588946,0.520823907455655,8.556756610483575
285,-0.12305883860976495,0.27963354717926914,2.3738439288799835
286,1.6608180380174256,0.6841992625779862,19.74138949248797
287,-2.1223877865375123,2.5041441538402722,20.49249996906323
288,0.06793569083947541,-1.7611950840503277,17.5873962207747
289,-0.025314471980968194,-0.16668847724385671,-3.7803279606075697
290,-0.09962141246602123,0.7516168188457467,-7.7901028176452005
291,0.5638624486445133,-0.15830252800384503,6.789806325407585
292,1.8515881114907096,-0.5422811928832655,-23.591746950263744
293,-0.46716769850155365,-2.0032905783590027,24.01513885344876
294,-0.9928271642396919,-1.3228086882452146,16.868203399906207
295,-0.002822007010208711,0.8278434952421592,-7.901996573149904
296,0.381528426182873,-1.0100816019313523,11.338934649345342
297,1.3974933354888108,-0.5159456539345486,-21.078647604209383
298,0.8269743211159452,-2.4171546362520715,26.867928081407705
299,0.5688494599448309,0.16016815437688658,6.935124056266119
300,1.2398396104728986,0.48883372699996375,13.019750219456993
301,0.627531424617587,1.40946232937818,14.19505661655334
302,-0.8898211486536935,1.8522111568551247,20.616523619876144
303,-0.08139254958021713,0.21982482636659575,2.4955458526831067
304,1.6326404221649322,-0.17207301575971304,-17.970358716078273
305,0.2622824692484355,0.7223665481351923,7.642728133660236
306,1.383366069422306,-0.5879639142059825,-21.78050568068356
307,1.4332129180019353,-1.6947043204428316,24.088979422017665
308,1.4987868923736336,-0.6118628734831378,-22.75670045118977
309,-3.6541217491486133,2.0919910217016517,21.216835782114693
310,1.7334225025250656,-1.4133938600861973,24.29987354761682
311,-2.037650393683666,2.482633414412193,20.467890656930827
312,0.04577710544571,-0.9983779276433158,11.03606579885661
313,-0.3941191933720934,-0.41758526683716696,-6.1565049106970875
314,0.22391396105283518,-0.3845322076951425,-4.738223984764022
315,1.8130005303639611,0.4829095708804449,24.764360057043287
316,-2.1194771212318884,-0.28232352795436294,22.5761108041515
317,-0.06808316923359184,0.15292263337839504,2.056288088527898
318,2.018056827816617,-0.21691295265624538,24.63877057197016
319,1.0981207251766223,0.04205495396053355,-15.241387583396838
320,-1.8028918115028187,-0.2680097074307237,15.811982183306874
321,0.4442150534195244,-0.41843927051821816,6.174638253460305
322,0.6423227921534748,-2.0979111376669195,23.679515178492178
323,0.22791324073561114,-0.3477252508552517,-4.6496115359936265
324,1.4990793333183108,-0.03181705806409722,-16.282971003707313
325,0.44327259572974614,0.5855360937093699,7.335980646235292
326,1.5140168482012206,-0.7215242079458617,18.80937679724842
327,0.5028292290097316,-0.29620054580240357,-13.99279628602981
328,0.3857169610263126,0.6359032836878499,7.4421750967926465
329,1.679273211777963,0.33457692361341296,19.559624600177035
330,1.6517504849399782,-4.331069163947132,26.746157205208917
331,0.1755339481203927,0.17267835226845807,-1.302869642399479
332,-0.2312512519861245,-0.372712758780368,4.109560719293667
333,-1.0316080476748026,-2.1022326138086624,22.53012299398333
334,-2.0925879870230726,-0.10001602029362998,21.66509421499067
335,-0.3635637912545243,-0.43309799833285856,-6.123787481603983
336,1.7637194614321428,0.5726322745410077,24.77876122950754
337,-0.012317878710941647,0.016451262549523286,-3.5344591083540227
338,0.09822690420264144,-0.1508598151168634,-3.8768080496156623
339,2.3275795453000785,-0.16676981993297366,-24.824155467575782
340,-0.007382444198737708,0.14843864934612977,2.8648228506546487
341,0.5353492167582437,-0.3625257301948821,6.714273134854433
342,0.07352985741938005,0.18827645584526218,-1.7823390366895866
343,-0.011357929410597706,0.015218387218693508,-3.5418028675225215
344,-0.3456862236662133,-0.44570429492287345,-6.093497787642447
345,-1.951298298367365,2.4566375926556434,20.443974685115556
346,0.8965242591513952,-2.4975431750916566,27.22491739699281
347,-0.310601845779297,-0.38676857261725295,3.8716117657309823
348,-0.7573060952974466,0.3246475551668272,8.68232643204296
349,0.8016592571283027,1.3509571991105722,14.108439607601323
350,-0.9849712804760064,0.038440403429388925,9.319035327255023
351,0.2542686477359602,-0.23321619138578237,-4.079627785411751
352,-2.4783462549546957,-0.36335162513935393,22.494544874781056
353,0.7508522397855404,0.4233231196431626,-8.851657154542288
354,0.8422985164729218,-2.434542409884181,26.965795984796006
355,1.6678474595932065,-0.6028819129474469,-23.21134613920581
356,-0.2607555318997513,-0.019101750110426727,-0.07743359307225135
357,2.0010627538292463,-0.7077445693289348,24.526218258197748
358,1.6202070405511866,-0.3583243398862905,19.079545481955133
359,0.7603859376815172,-0.279070547190897,-10.14014680461083
360,-3.5132230384622627,2.224679306805623,21.111307820623864
361,1.237704238347958,0.17627678322867202,12.693477958518592
362,0.03455629660477137,-0.5526612891591874,-5.450321929081459
363,-0.7983920904391296,1.3525405439431948,14.679060264147028
364,-0.24487926706390756,0.3509923683504704,20.356395643554027
365,-0.8840963999497177,-2.402576532157621,21.3339360342346
366,-0.9086091444355753,0.2424861418400279,8.833425776075268
367,0.5692376485451675,0.14599481083193686,6.926675387164676
368,0.18863913596533946,0.14108456607399672,-0.956307472413961
369,1.4080261158854723,-0.4906240767157715,-20.89192930276075
370,2.0041244979683985,-0.10561566988511652,24.66089619372636
371,0.5032306914040716,-0.2935452188765827,-13.999503421807201
372,-0.07189637230973386,0.13056261178167614,2.021481085713607
373,-0.32423540173503307,-0.3927574221817884,3.8163119171985977
374,-1.0430999796763445,-2.1407799788697277,22.3581538263673
375,2.0540278259449996,-0.42079820020476616,-23.942885973665227
376,1.9325878193753085,-3.8963377196932916,27.787218983994958
377,-0.030196648131532264,-0.07589990344358709,-3.6824090521223143
378,-0.023156598171907246,-0.5467285019262819,-5.550777501215733
379,-0.9914331152943151,0.09305684683344911,9.22147362477717
380,0.43624948024618115,-2.1600658694119246,23.585452890758294
381,0.045542734073966744,0.8443403583643404,-7.928829223399397
382,-0.4241873437653245,0.4140076819523797,-6.728292317135166
383,-3.639979632273749,0.11316643930971908,22.15266406268988
384,-1.832241172498614,0.0397062353760582,15.53287965491443
385,0.07605962527995648,0.18833393248176716,-1.7684255231522643
386,-3.9750592236473525,0.9145119206369059,21.87793766784601
387,-0.8570202402264133,-2.3605218789556317,21.30608055227885
388,0.6810906422901191,0.6097016189420176,-8.373446636466133
389,2.3420775072364717,-0.09539966453519551,-25.089560916246057
390,-1.5452935761602258,-1.4338866987604175,22.429026707720134
391,0.7954430030792887,-2.3935878784545874,25.862064214867804
392,0.7756938839484053,0.026542473169832534,-14.81546766032389
393,1.4694601539738945,-0.6076312216326878,-22.66116718707417
394,-1.7663636277163466,-0.34630780372336917,15.90051488655298
395,-1.4485678748392725,-0.8230786036787375,16.389961498400755
396,0.1996622580423583,-1.0052513982689728,11.169418196349593
397,2.317009587376244,-0.18987104181847167,-24.740389756760052
398,-1.7028890880072811,1.258041245022852,20.998321752534565
399,-2.9688897181180245,2.4985133605822805,20.807810010675414
400,0.0013795954602864602,-2.0889668543860243,24.70934777326677
401,0.9578080149571063,0.04678251328744999,-15.080947151508637
402,-0.07887957522627574,0.08983495937642975,1.9563153428572582
403,-0.3618191797844847,-0.4343885456592499,-6.120795609387696
404,0.9800421770443016,1.2122955471670576,13.817397698959645
405,-0.7389309423694889,-1.4802759759854447,17.06484100733312
406,0.001513944070084756,0.16899371601190558,-2.2578999733518637
407,-1.4118841091890426,-0.7783115490003336,25.589366274061305
408,-1.3903642350002514,-0.36047683107378337,25.48794573122853
409,-0.367332045460145,1.2755940976789701,25.0785265283559
410,-0.10064575999214283,-0.01853545435589297,1.7500660135827273
411,1.4005582523180848,-0.5081942061178846,-21.01981081994121
412,-1.7780434157874014,-1.1034976159791419,22.21286675885443
413,-2.160358731789326,-0.296272674091557,22.566784927164758
414,0.6910127634343606,-0.38857257784562055,-10.903936032372458
415,0.9460279222070023,0.04651581290742549,-15.066272362205954
416,-0.19819207342246228,-0.02678905896857555,20.427716952874587
417,-0.881103880157428,0.24842946283948736,8.787418243773864
418,1.4504594664676274,-3.1880469231726343,27.985634459268603
419,-0.5115485568249541,-2.443542069517706,26.203323819341556
420,0.718907588907475,0.5406531005460036,-8.61678436283807
421,-0.18536350220295375,-0.5181745199994943,-5.839686502722054
422,1.399831757308201,-0.5099966711347509,-21.03334631301143
423,-1.0912157186703837,-1.224122334338691,16.77420347813954
424,0.0617191243752443,1.418847907023921,25.013219522290505
425,-0.06264724729576047,-0.9912027679903586,10.944926411459356
426,1.834345697758272,-0.5499692407848115,-23.55931509386934
427,-2.413833404119442,-0.35557757435586695,22.509273447107507
428,-0.7708852065854076,-0.6693376716659057,10.268571074029623
429,-0.26106101102019036,-0.019542653694685597,-0.0769681839448568
430,0.8043573409567296,-0.2275084888055733,-9.63877689102311
431,0.6065535262524159,-1.8496702120855573,17.94408319039046
432,-0.40282731176292635,1.4768795854604884,14.522133720747233
433,2.026454646194626,-0.4414057785783961,24.590767015791926
434,0.6290321788479463,-0.5473265683307158,-11.901971990316875
435,-0.06769436776749294,0.15518251960659182,2.059796033693215
436,0.6173868817580931,-0.5847182450160517,-12.910510911071054
437,1.5400442732278583,-3.3081560174910476,27.98552986230527
438,-0.28691797059470003,-0.07347110962585512,0.1279656897347404
439,0.1647893418772251,-0.16191071511109884,-3.922677776609953
440,2.3282045137386493,-0.1651642438707963,-24.82998457090287
441,-1.3361343840099977,-1.452897403151377,25.759321043497906
442,-0.8890206717984102,-0.4443726361370353,9.96388317191898
443,1.1392101473988303,-0.2733214826033253,12.349324588541478
444,0.5344659110296814,-2.309071592019339,25.26250838693399
445,-0.34542998992532536,-2.1948351325481896,23.208747122455538
446,0.5966692629595198,1.771300792964147,20.18620977670261
447,0.7933719924679363,0.1463615294426508,-9.229294614063068
448,1.2098310629192846,0.6132135956240033,13.19946933141348
449,-3.9209779166851644,1.6475437812619855,21.51096678897002
450,-1.8287450798297769,-0.20206821690661392,15.734257326060373
451,-0.6901537083206656,-2.2712247707943125,26.12487883723346
452,-2.985608333590914,-0.3183410577139788,22.37148179284102
453,-1.0440004937439624,-2.1531850377220425,22.306955208789937
454,-0.39542020098576397,0.47392412198642364,-6.993195781788003
455,1.60247307522298,-0.6123661035752156,-23.051402628999494
456,0.43866279236921324,0.5906681201680745,7.344931677647903
457,2.2350598502183106,-0.287690259834096,-24.368462667116873
458,-0.3485743726349742,0.6513846878262312,8.460508152933427
459,-3.435790922349399,2.283244285614336,21.059839356290585
460,-0.09642840577031993,-0.5361379972438469,-5.679829510067299
461,-0.2127882794991626,0.0030613499312234964,3.446232127513782
462,0.4559618777605386,-0.42092781899843906,6.246386129300793
463,1.8575652713795117,-4.401899124041111,26.966959828395165
464,1.5059901518282686,-4.187274903519177,26.78170128578071
465,0.3798127976120258,0.6396306938389843,7.452507121441078
466,-0.07295789750747578,0.10468522884893153,3.2435353534986744
467,-0.8429330679554732,1.6734821799357793,20.252253425171272
468,1.6347598978483784,-1.5217552459715278,24.22300554041939
469,1.3784638321791394,-1.7343882473622518,24.05607728831698
470,-3.0569390943665,2.472344887629267,20.849554798537962
471,-0.10581742780875371,-0.9876135548259439,10.908742769568864
472,-1.2584597424752015,0.20718610372958382,25.353052631733764
473,0.40680839453164575,0.6206051977736989,7.404514298313677
474,1.6406315523094799,-3.4474679749827146,27.96351293106697
475,-0.28688768635218487,-0.1293554187409587,3.54828013931413
476,1.4434398215845667,-1.687001724366668,24.095257963912648
477,-3.633411186549437,0.10529193372084954,22.155686953899895
478,0.5585874740638661,-1.0127488557525297,11.523303835546757
479,0.4339208688306783,-0.416429745556628,6.116420398333073
480,-0.22633495158276065,0.6108047488136814,-7.608882044713467
481,-0.13292451338703368,0.0444345077926673,-0.19313050119421427
482,1.0609062658020447,0.044605780667616265,-15.200934212327919
483,0.005734884435899797,0.1331099897542797,2.9166473545480933
484,-0.24279498099678146,0.004826029213217608,-0.08720388835080287
485,-0.2106943079896789,-0.15342372389062167,0.7811483074471958
486,0.6621239989717076,-3.444852169471794,26.629225577462226
487,0.9141379732826802,-0.8415838927649305,11.999293352875231
488,0.4449230815263163,-1.011203196705557,11.402338881433932
489,0.396944666133477,1.4395237441894653,24.971328033166913
490,0.7189307173116152,0.010187541970575413,-14.704197093736363
491,0.5844545142759737,-1.8571584977612396,17.93088298276417
492,-0.14278000174552874,-0.13012582071679918,1.3649027040863533
493,-0.27755064110125316,-0.047627853068124476,-0.018794978837311047
494,-0.3403862060561348,1.4880572132202667,14.499703381313175
495,0.7925320851893716,-2.37985869929091,26.5393708700686
496,0.24957267491339477,0.8377543880094722,-8.036269648132306
497,0.06795730309436737,1.9332858873769279,20.328263003926615
498,-0.4711231485725645,-1.6198707844614737,20.92047960019324
499,0.21956712368864695,0.8463251675350908,-8.020726064085666
500,-0.03480993936171095,0.13354818430918822,-2.6128358469739763
